{
  "generatedAt": "2026-04-25T16:14:00.371Z",
  "totalProducts": 7,
  "liveProducts": 0,
  "publishReady": 4,
  "uploadReady": 4,
  "qaFailed": 0,
  "needsHumanReview": 2,
  "totalRevenue": 0,
  "totalAiCost": 0.045864300000000004,
  "totalProfit": -0.045864300000000004
}