{
  "generatedAt": "2026-04-23T20:21:37.057Z",
  "totalProducts": 7,
  "liveProducts": 0,
  "publishReady": 4,
  "uploadReady": 4,
  "qaFailed": 0,
  "needsHumanReview": 2,
  "totalRevenue": 0,
  "totalAiCost": 0.025223500000000003,
  "totalProfit": -0.025223500000000003
}