{
  "generatedAt": "2026-04-24T22:16:20.365Z",
  "totalProducts": 7,
  "liveProducts": 0,
  "publishReady": 4,
  "uploadReady": 4,
  "qaFailed": 0,
  "needsHumanReview": 2,
  "totalRevenue": 0,
  "totalAiCost": 0.036816400000000006,
  "totalProfit": -0.036816400000000006
}