{
  "generatedAt": "2026-04-22T00:27:50.298Z",
  "totalProducts": 7,
  "liveProducts": 0,
  "publishReady": 4,
  "uploadReady": 4,
  "qaFailed": 0,
  "needsHumanReview": 2,
  "totalRevenue": 0,
  "totalAiCost": 0.012666799999999999,
  "totalProfit": -0.012666799999999999
}