{
  "generatedAt": "2026-04-22T03:06:00.919Z",
  "totalProducts": 7,
  "liveProducts": 0,
  "publishReady": 4,
  "uploadReady": 4,
  "qaFailed": 0,
  "needsHumanReview": 2,
  "totalRevenue": 0,
  "totalAiCost": 0.013906599999999998,
  "totalProfit": -0.013906599999999998
}