{
  "generatedAt": "2026-04-25T06:32:34.641Z",
  "totalProducts": 7,
  "liveProducts": 0,
  "publishReady": 4,
  "uploadReady": 4,
  "qaFailed": 0,
  "needsHumanReview": 2,
  "totalRevenue": 0,
  "totalAiCost": 0.042005200000000006,
  "totalProfit": -0.042005200000000006
}