{
  "generatedAt": "2026-04-21T14:36:15.327Z",
  "totalProducts": 7,
  "liveProducts": 0,
  "publishReady": 4,
  "uploadReady": 4,
  "qaFailed": 0,
  "needsHumanReview": 2,
  "totalRevenue": 0,
  "totalAiCost": 0.009117799999999999,
  "totalProfit": -0.009117799999999999
}