{
  "generatedAt": "2026-04-18T06:27:46.148Z",
  "totalProducts": 6,
  "liveProducts": 0,
  "publishReady": 4,
  "uploadReady": 4,
  "qaFailed": 0,
  "needsHumanReview": 1,
  "totalRevenue": 0,
  "totalAiCost": 0.005085999999999999,
  "totalProfit": -0.005085999999999999
}