{
  "generatedAt": "2026-04-15T00:31:43.632Z",
  "totalProducts": 5,
  "liveProducts": 0,
  "publishReady": 4,
  "uploadReady": 4,
  "qaFailed": 0,
  "totalRevenue": 0,
  "totalAiCost": 0.0039147999999999995,
  "totalProfit": -0.0039147999999999995
}