{
  "generatedAt": "2026-04-14T17:17:51.125Z",
  "totalProducts": 5,
  "liveProducts": 0,
  "publishReady": 4,
  "uploadReady": 4,
  "qaFailed": 0,
  "totalRevenue": 0,
  "totalAiCost": 0.0039147999999999995,
  "totalProfit": -0.0039147999999999995
}