{
  "generatedAt": "2026-04-21T20:19:41.669Z",
  "totalProducts": 7,
  "liveProducts": 0,
  "publishReady": 4,
  "uploadReady": 4,
  "qaFailed": 0,
  "needsHumanReview": 2,
  "totalRevenue": 0,
  "totalAiCost": 0.010215599999999998,
  "totalProfit": -0.010215599999999998
}