{
  "generatedAt": "2026-04-23T12:23:00.483Z",
  "totalProducts": 7,
  "liveProducts": 0,
  "publishReady": 4,
  "uploadReady": 4,
  "qaFailed": 0,
  "needsHumanReview": 2,
  "totalRevenue": 0,
  "totalAiCost": 0.023937200000000002,
  "totalProfit": -0.023937200000000002
}