{
  "generatedAt": "2026-04-25T00:28:47.665Z",
  "totalProducts": 7,
  "liveProducts": 0,
  "publishReady": 4,
  "uploadReady": 4,
  "qaFailed": 0,
  "needsHumanReview": 2,
  "totalRevenue": 0,
  "totalAiCost": 0.03812170000000001,
  "totalProfit": -0.03812170000000001
}