{
  "generatedAt": "2026-04-25T08:21:20.142Z",
  "totalProducts": 7,
  "liveProducts": 0,
  "publishReady": 4,
  "uploadReady": 4,
  "qaFailed": 0,
  "needsHumanReview": 2,
  "totalRevenue": 0,
  "totalAiCost": 0.04329170000000001,
  "totalProfit": -0.04329170000000001
}