{
  "generatedAt": "2026-04-24T05:03:18.159Z",
  "totalProducts": 7,
  "liveProducts": 0,
  "publishReady": 4,
  "uploadReady": 4,
  "qaFailed": 0,
  "needsHumanReview": 2,
  "totalRevenue": 0,
  "totalAiCost": 0.030369700000000003,
  "totalProfit": -0.030369700000000003
}