{
  "generatedAt": "2026-04-21T10:31:20.030Z",
  "totalProducts": 7,
  "liveProducts": 0,
  "publishReady": 4,
  "uploadReady": 4,
  "qaFailed": 0,
  "needsHumanReview": 2,
  "totalRevenue": 0,
  "totalAiCost": 0.006931999999999999,
  "totalProfit": -0.006931999999999999
}