{
  "generatedAt": "2026-04-24T10:32:58.990Z",
  "totalProducts": 7,
  "liveProducts": 0,
  "publishReady": 4,
  "uploadReady": 4,
  "qaFailed": 0,
  "needsHumanReview": 2,
  "totalRevenue": 0,
  "totalAiCost": 0.034228600000000005,
  "totalProfit": -0.034228600000000005
}