{
  "generatedAt": "2026-04-24T00:32:14.504Z",
  "totalProducts": 7,
  "liveProducts": 0,
  "publishReady": 4,
  "uploadReady": 4,
  "qaFailed": 0,
  "needsHumanReview": 2,
  "totalRevenue": 0,
  "totalAiCost": 0.027796900000000003,
  "totalProfit": -0.027796900000000003
}