{
  "generatedAt": "2026-04-26T14:17:38.590Z",
  "totalProducts": 7,
  "liveProducts": 0,
  "publishReady": 4,
  "uploadReady": 4,
  "qaFailed": 0,
  "needsHumanReview": 2,
  "totalRevenue": 0,
  "totalAiCost": 0.05615769999999999,
  "totalProfit": -0.05615769999999999
}