{
  "generatedAt": "2026-04-25T04:50:52.340Z",
  "totalProducts": 7,
  "liveProducts": 0,
  "publishReady": 4,
  "uploadReady": 4,
  "qaFailed": 0,
  "needsHumanReview": 2,
  "totalRevenue": 0,
  "totalAiCost": 0.04071790000000001,
  "totalProfit": -0.04071790000000001
}