{
  "generatedAt": "2026-04-24T03:06:18.450Z",
  "totalProducts": 7,
  "liveProducts": 0,
  "publishReady": 4,
  "uploadReady": 4,
  "qaFailed": 0,
  "needsHumanReview": 2,
  "totalRevenue": 0,
  "totalAiCost": 0.029083400000000002,
  "totalProfit": -0.029083400000000002
}