{
  "generatedAt": "2026-04-15T06:39:09.380Z",
  "totalProducts": 5,
  "liveProducts": 0,
  "publishReady": 4,
  "uploadReady": 4,
  "qaFailed": 0,
  "totalRevenue": 0,
  "totalAiCost": 0.005085999999999999,
  "totalProfit": -0.005085999999999999
}