{
  "generatedAt": "2026-04-14T16:17:15.526Z",
  "totalProducts": 3,
  "liveProducts": 0,
  "publishReady": 3,
  "uploadReady": 3,
  "qaFailed": 0,
  "totalRevenue": 0,
  "totalAiCost": 0.011697599999999999,
  "totalProfit": -0.011697599999999999
}