{
  "generatedAt": "2026-04-25T14:18:05.016Z",
  "totalProducts": 7,
  "liveProducts": 0,
  "publishReady": 4,
  "uploadReady": 4,
  "qaFailed": 0,
  "needsHumanReview": 2,
  "totalRevenue": 0,
  "totalAiCost": 0.044578000000000007,
  "totalProfit": -0.044578000000000007
}