{
  "generatedAt": "2026-04-23T22:16:33.096Z",
  "totalProducts": 7,
  "liveProducts": 0,
  "publishReady": 4,
  "uploadReady": 4,
  "qaFailed": 0,
  "needsHumanReview": 2,
  "totalRevenue": 0,
  "totalAiCost": 0.026509800000000004,
  "totalProfit": -0.026509800000000004
}