{
  "generatedAt": "2026-04-14T15:47:42.422Z",
  "totalProducts": 2,
  "liveProducts": 0,
  "publishReady": 1,
  "uploadReady": 1,
  "qaFailed": 0,
  "totalRevenue": 0,
  "totalAiCost": 0.0071262999999999995,
  "totalProfit": -0.0071262999999999995
}