{
  "generatedAt": "2026-04-21T08:38:12.609Z",
  "totalProducts": 7,
  "liveProducts": 0,
  "publishReady": 4,
  "uploadReady": 4,
  "qaFailed": 0,
  "needsHumanReview": 2,
  "totalRevenue": 0,
  "totalAiCost": 0.0058728999999999995,
  "totalProfit": -0.0058728999999999995
}