{
  "generatedAt": "2026-04-25T03:04:27.347Z",
  "totalProducts": 7,
  "liveProducts": 0,
  "publishReady": 4,
  "uploadReady": 4,
  "qaFailed": 0,
  "needsHumanReview": 2,
  "totalRevenue": 0,
  "totalAiCost": 0.03942700000000001,
  "totalProfit": -0.03942700000000001
}