{
  "generatedAt": "2026-04-26T10:17:27.410Z",
  "totalProducts": 7,
  "liveProducts": 0,
  "publishReady": 4,
  "uploadReady": 4,
  "qaFailed": 0,
  "needsHumanReview": 2,
  "totalRevenue": 0,
  "totalAiCost": 0.054871399999999994,
  "totalProfit": -0.054871399999999994
}